TestAMP001,GLWSKIKEAGKAAAKAAGKAALGAVADSV
TestAMP002,WLKRILKWIGNKLKW
TestAMP003,MSKFKHFFNAVKSIFRGLTK
TestAMP004,KWKKWVRAIKKLV
TestAMP005,WLGSKIKAAKMKVGMWGAVGLRHN
TestAMP006,WFHFFQRGSYNGI
TestAMP007,RKLKKLRWRAGMMYKYVKLK
TestAMP008,KWKFFKKIRKVGKKIRKVIKKIGKAVGAAAQAAGQAANA
TestAMP009,AKKWWKLLWKLWKKAK
TestAMP010,AWQAIARLIKGRGRKKYGRIIIIG
TestAMP011,RFSRFLRRVRRYRPKISFNLEPFFKF
TestAMP012,RIKRVWPVVIRTVVAGINLYRAIKRK
TestAMP013,LVQRGRFGRFLSRIRRIRPRINFNIKGSI
TestAMP014,LIQRGRFGRFLGKLRHFRPRIKFKGKAGWTVG
TestAMP015,RWCFWVCYGGVCYRRCR
TestAMP016,RWCFRVCYVGFCYWKCR
TestAMP017,GWFRRARNKLKNAWRKLGPIVGPLLTR
TestAMP018,GWLKKFGKKLGKMGKNVFRLVEQVVGVGVGINALS
TestAMP019,SLTRLLRKGGRLIGWRWEKTRNWIRRIIEKRKPNK
TestAMP020,GKIKRFFKHIEKFFV
TestAMP021,KNNAKKIRKIVGTFKKVLTFALGFNK
TestAMP022,RTRRMRARARKQVEHWIRQVQNTADAYLR
TestAMP023,GGIAKKVLATAVKLGKKL
TestAMP024,MKKIINGIKNYFKGVKK
TestAMP025,FTRLCIKLITRYKQRKREKLE
TestAMP026,KWFCVNMLRNVKRMFRKYYKNI
TestAMP027,ASIKDFFKKIGDSIKKLFEKIFKP
TestAMP028,KRVGNWFSGLFKGIGRFFMNM
TestAMP029,RKWKKLFKLWL
TestAMP030,RKWKLLKRLLLKKLLK
TestAMP031,LKWRRIRKFFL
TestAMP032,RKWWKWILL
TestAMP033,RKPRRWRWWPKRP
TestAMP035,KIYAVKLHPVLSAIARIFFRRAVLK
TestNeg001,YRQSEATSSFG
TestNeg002,MMMKPDMMMKPD
TestNeg003,PCKNWFWKTFTSCK
TestNeg004,QAQATISFPKRKLSW
TestNeg005,QGCCTDPRCRYQCYK
TestNeg006,HAKLVFFAEAAIIGLMV
TestNeg007,IQCCRCQSWPYMCSVFCC
TestNeg008,SVKEGAQRKWAALKEKLG
TestNeg009,TYHVDANDHDQSRKSQQY
TestNeg010,RRIDCKVFVFAPICRGVAA
TestNeg011,TPEEHDLLMDLMGDPKKAEE
TestNeg012,FPRPGGGGNGDFEEIPEEYL
TestNeg013,GIVEQCCTSICSLYQLENYCN
TestNeg014,FVNQHLCGSELVEALYLVCYER
TestNeg015,IKYTIYNSTGIQIGAYNYMEIG
TestNeg016,AGTMRVTYPDGQKPGQSDVEKD
TestNeg017,GQHYSGQKGKQQTESKGSFSIQY
TestNeg018,CPDAVYTCRPGQTCCRGLHGYGCC
TestNeg019,LTCGQCQMNFPLGDILIFIEHKRKQCN
TestNeg020,MKACLSCHQQIHRNAPICPLCKAKSRS
TestNeg021,FEDILSGNLLQRMLRPLRSGLTQLLDFF
TestNeg022,MSQGTFTSDYSKYLDSRRAQDFVQWLMNT
TestNeg023,NGLPVCGETCVGGTCNTPGCKCSWPVCTR
TestNeg024,MNNNELTSLPLAERKRLLELAKAAKLSRQHY
TestNeg025,STRKQNYMMNFSRQHGLRHFYNRRRRSLRRYP
TestNeg026,GSGVINYSVLDLTAEELEAIKHQLNPKDNDVEL
TestNeg027,YRQSSATSSFGGLGGGSVRFGPGVAFRAPSIHG
TestNeg028,SKLPPGWEKRMSRNSGRVYYFNHITNASQFERPSG
TestNeg029,TQCHYGQCGGIGYSGPTVCASGTTCQVLNPYYSQCL
TestNeg030,IRKRYRKFLNESYKHEQVYIRSTDVDRTLMSAMTNL
TestNeg031,SKPREWVEAVAYVGPDRRRFNSADYKGPRKRKADAS
TestNeg032,IEVMYPPPYLDNEKSNGTIIHVKGKHLCPSPLFPGPSKP
TestNeg033,SQAEATRQAAAQEERLADLASDLLLQYLLQGGARQRGLG
TestNeg034,DAEFRHDSGYEVHHQKLVFFAEDVGSNKGAIIGLMVGGVV
TestNeg035,ASCPNVGAVCSPFETKPCGNVKDCRCLPWGLFFGTCINPTG
TestNeg036,MDIMELLKNVDPKEYEKYARMYGITDFRGLLQAFELLKQSQ
TestNeg037,NDHQDLREITKDSKMQKLALAGFLKKIKGTYIESLLKEHKLL
TestNeg038,MWQRRQRRGEERKAPENQEEEEERAELNQSEEPEAGESSTGGP
TestNeg039,SNADDLREPEERHLDDAFFRGYKNLEPEAKAQLRKMLDTFKKDF
TestNeg040,QPRSHVDCPALHGQCQSLPCTYPLVFVGPDPFHCGPYPQFGCCA
TestNeg041,ETSELREALLKIFPDSEQKLKIDQILAAHPYMKDLNALSALVLD
TestNeg042,MENDPRVRKFASDGAQWAIKWQKKGWSTLTSRQKQTARAAMGIKL
TestNeg043,GSTGEDAHLTQYKPKEPVTTRQVRTIVEEVQDGKVISSREQVHQTTR
TestNeg044,GAMAHSKYKTYMCRDMKQRGGCPRGASCTFAHSQEELEKFRKMNKRLV
TestNeg045,GPMPGKKFVARVAEARAEDVGKRVVIIPKAERAKVGIKVGDVVEVKKV
TestNeg046,AEGDDPAKAAFDSLQASATEYIGYAWAMVVVIVGATIGIKLFKKFTSKAS
