ID,seq
MemAMP001,MAAFMKLIQFLATKGQKYVSLAWKHKGTILKWINAGQSFEWIYKQIKKLWA
MemAMP002,MAAFMRLIQFLATRGQRYVSLAWRRRGTILRWINAGQSFEWIYRQIRRLWA
MemAMP003,CDFIETHYLDEQVKSIKELADWVTNLRRMGAPQNGMAEYLFDKHTLGKESS
MemAMP005,YKIKKAITEVIALIGTDNAHLNLNNTKLWVCVVVYRAVKFVAGLMKIKI
MemAMP006,SLWKKLFKPVERAGQRIRDATIKGIAIAQQGANVLATLRGGPAIAPGQG
MemAMP007,MRRKTPVKWKTFFKALKHKKKIFKKTFEKFKFLAKGPAFLKGFDQKLKS
MemAMP008,MEAFKKKPRLPLFKVKLTRFLERARGLGSYRIFEFFKKFGVKKFVSSLR
MemAMP009,MNNRGPLGRRFKARRKWKKFVAGKMKKKRKRFKGFKKKGGFTPFVKKFV
MemAMP010,MKQPSKTKTHFKYFLLFLKSVKKVAGFKKKKKKYHWRSYKEGSCFRKRT
MemAMP011,SLVVGLGKNGPGKNGPGKNGPGKNGPKKTVRGIIGLVVESVKTVRSFR
MemAMP013,MKAKKWFESLFKTFFKKGKGIYPKSSFEKEKKTDKKKKFGGWVWFKK
MemAMP014,RWYKKIFKPVEKAVQRVRDGTLQALGVAQQAANVYATAQGAQQQRHA
MemAMP015,FPIPRNSTVNIPLFRRFGRQRKIGGRGRIISPYRTPVLRRHRYSIFR
MemAMP016,KNAWKYSQPNFQSMAANHGTTMTVYMAKPTHSPAPRNGNGRRAANR
MemAMP017,IIAITRFSRRKIPWQQNFVNNHNPKGRLRNQHKVSLQKSTAVMLPK
MemAMP018,RKKRRQRRRGGGGVVVHINGGKFGGGGSRQIKIWFQNRRMKWKK
MemAMP019,SWWKKVFKPVEKLGQRVRDATIQGIGIAQQGANVLATVRGGPPQ
MemAMP020,MNTTSNMIHRAVQQKRISFRAAKLTVLFLFKRRLLRRLLRHHEN
MemAMP021,MGAIAKLVAKFGWPIVKKYYKQIMQFIGEGWAINKIIDWIKKHI
MemAMP022,FLPTTAQPTKKSTLKKRVCRLPRPETQKGRRRRARLRFMKQFYK
MemAMP023,GCILNGVQGSHSGYGYGYGYGYGYGGAYGKYSRHHKEHGEKQA
MemAMP024,MGAIAKLVAKFGWPFIKKFYKQIMQFIGQGWTIDQIEKWLKRH
MemAMP025,MKQLFLKAQKIVHKLFSLSKRCHKQPLISLPRQRTSTYWLTRI
MemAMP026,PVERVWAKIGKKHRVEAKIAQNVNTGFTGVYGKIWRFKNGKF
MemAMP027,IGKVVRAAHKAGNGVAIGTIGAQAENGSHLAFVVIPMTTAAG
MemAMP028,VFIQRKGLKQLAKGRRFASVAAAAESYKAADVKAALYALAEA
MemAMP029,KWKFGKKLERIGQNVFRAAEKVLPVATGYAQLPATLAGAKQG
MemAMP030,FQLRGKPKAKYLVRLKGNKKGASMLKILATTRPTKQSFPSLP
MemAMP031,RKRIFNRIKAGGKGGKPGQWSARKAQMLASAYKKAGGGYKS
MemAMP032,FITLGVVSIHAVGINGDIDFIRCRIFLVKSKGAIKIVKGAI
MemAMP033,LGVLASLKKRVASVEVLNPARDVLEALRATRLTSLLKIRNS
MemAMP034,GWLKKIGKKIERVGQNTRDATIQAIGVAQQAANVAATLKGK
MemAMP035,MTPLWRIMGTKPHGAYCQNNHECSTGICRKGHCSYSQPINS
MemAMP036,KMYKMSTMRRIFDLAKHRTKRSAFFPTGVKVCPQESMKQIL
MemAMP037,RKLVYVLPGWPQDLLHMLLARNKIRTLKNNMFSKFKKLKSL
MemAMP038,LGGVVGGVVGGVVGGVVGGVVGGVVGGVLGGVVGGVVGGV
MemAMP039,AIKNFGGKKAAPFGKGGKRKAASTKTAKGTVKKAKRKAAY
MemAMP040,RKFKRFQGRKVGAARFLEKLVRIQPALFEHWRIGMIGAFA
MemAMP041,FIVCQKNAAVNPFCGKNGGENVAGMILQRAGKNTALCNLT
MemAMP042,GRLRNRSMTPSSMSAATAAVVVTAAKAAAATKTPGMTKLM
MemAMP043,KVRLKNVIPGTLCRKQSLPIKQDLKILLGWATGAFGKTFH
MemAMP044,VRISGRGFCVKMFYIKPIKYKGPIKKGEKLGTLLPLQKVY
MemAMP045,GFILVVALLALGLGLGSALLPFVAFRSKLTRPFRRHARS
MemAMP046,SLLVSILLGLGILVGLGLFANAYFRGQQVLKKLSKKKTY
MemAMP047,VFAGGIPLKRGGKVAGAVGVSGGSGEQDHTVAEAGAKAF
MemAMP048,LGVLIYLIGAGIGLFVLYYIIKLAVKNAIIEAHSISEKK
MemAMP049,IGTISIAGSIKEKPDMHIAEKPKPLKPRIIDAINTIKIT
MemAMP050,AVAKKTVKKAVKKVAKKPAKKAAKKPAKKVAKKPAARKK
MemAMP051,SLVHGHCLLMFLPGVRGFHEFHRGLWSLLGKLPAEAAKA
MemAMP052,EPRWKGWKKIEKAVRRVRDGIIKAGPAVAVVGQVQGIAG
MemAMP053,NAGDYAGAAEQELRWNKAGGKVLPGLVRRRKSQSRESQC
MemAMP054,RPLLLLAYFSRLCAKGDIPPPLRALPRYRLLRDLPRLLR
MemAMP055,AKKAKIKDLKKEVKLRAAKVERQKAKLKSARKALKKAA
MemAMP056,IATGKELGPDRVGKLGKEVKGAVKKATEEKKGSGGKKG
MemAMP057,RRKHFYFMLLVLALILLALPGFAAKAAKRATGPALRFA
MemAMP058,RRGLFKKLRRKIKKGFKKIFKRLPPVGVGVSIPLAGRR
MemAMP059,AVLGIFTDSRVKYSRYRKQMAFRKYLAGRRYRQHSDNR
MemAMP060,HSDGIFTDSYSRYRKQMAVKKYLAAVLGRRYRQRFRNK
MemAMP061,GINLKRKGNIMKKVKNIFHKIANADPMIWGYVMLSESK
MemAMP062,AIIMVIVVVIAVAGVFKEQLERVIKATFDKLTNFIGK
MemAMP063,IIIVSKDVAKESVSILGKYAQIIGSVKNGKGVTHSAF
MemAMP064,LARRPFKVVATAQAARTARILWAMLTHNQPYRAPAIG
MemAMP065,DNQGYQNNFDRLVARCMEARGWTPKKTGPIQMPKLSW
MemAMP066,LLGDFFRKSKEKIGKEFKRIVQRIKDFLRNLVPRTES
MemAMP067,GWFKKTVKKVGGWYNKHKPTIHKVGGAVWNVVKKWKK
MemAMP068,GLLSRLRDFLSDRGRRLGEKIERIGQKIKDLSERFQS
MemAMP069,RWKIFKRIEKVGRNVRDGVIKAGPAVAVLGQAKALGK
MemAMP070,KWKLFKKIHKVGQNIRKGIIKAGPAVAVVGQAAQIAK
MemAMP071,VGGLFYFNYPSGTGLVSGAVFGRLAGRGAALAAKQA
MemAMP072,TILLKIKLFLVDIKLKRLQKTYKKLQKKYIKKYLGL
MemAMP073,AFLASLLQYAVKVVLFAAVAAAGIFLGKKLRDKKNA
MemAMP074,GKLDRKVAIATGAARGLGRAYPKRLAGLGAKVASPT
MemAMP075,WGRGGCRISGYLLPHTLFSQKGKLKPKFKQKILGKE
MemAMP076,VLSLSKCVQRAVGLVGWSTVARKTNKRSNTQCYSMA
MemAMP077,KRGFGKKLRKRLKKFRNSIKKRLKNFNVVIPIPLPG
MemAMP078,PIQGLLDSLTGILNKVLPHLVQGNVCPLVNHVLRGL
MemAMP079,KWKVFKKIEKMGRNIRNGIVKAGPAIAVLGEAKALG
MemAMP080,DRDRPECSTMVKYEQKLPSLGKYALKRAIKIKFGRK
MemAMP081,AMTLRKRKFAWYVLSSSLKWLIKKAKKIGVQVCGFE
MemAMP082,GLGVGVGIGVCVNVCVCVCVCVNVCVCCGCVGVGV
MemAMP083,IAKIEVVRLGKVRRAKLSYIRSLSAKAARIKERRA
MemAMP084,PKVGKKTFPYTAKGKAAAAVAAKKTGKKVTKTKGY
MemAMP085,AKIKVVKKDIAARKAKIAKHEGKLKKLKKLLKKAT
MemAMP086,RAVIFTTKRGKKVCTHPRKKWVQKYISLLKTPKQL
MemAMP087,KQKTLKKVWKLSEKVLIFASAFAKKAGAAEATLVL
MemAMP088,GVPMGSVIKKRRKRMAKKKHRKLLRKTRHQRRNKK
MemAMP089,KKFVSFPALLIYAAAAAVTTFFIIRAKRRNKNYA
MemAMP090,RGLIYFGMRKATASLKKLGIYYYPQFVRRGQKFG
MemAMP091,GWAARSGKIVLRIALQRLRRHYDETYGKHGPRIG
MemAMP092,AALVRKWGSKIVKQDFSAKGYDINPIIKVPIGGV
MemAMP093,LAAKLTGERSRYPWGSRKGGLRNQKGVNIVKSAV
MemAMP094,GLFGRLRDSLRRGGQKILEKVERIGDRIKDIFRG
MemAMP095,RTKRRIKLIKNGVKKVKDILKNNNIIILPGSNEK
MemAMP096,DKLISILSLLSKRRKADGFRVKKTQKSSAYKKRF
MemAMP097,GKKKRKKLSTKDILDLIIKAIIALATLITALKS
MemAMP098,GGGPARRLLITQGGKLVIVRYLPRVSRHAGMVD
MemAMP099,KKHRKHRKHRKHWKKWSKRWRHWIPQCKKFGRR
MemAMP100,VVLIGLVLVFKKQINDLVNSIFKTIKQQADKV
MemAMP101,GQAVKLDEKAKVELRRLGDSARFVVWRVRVLG
MemAMP102,KRFKKFFKKIKKSVKKRVKKLFKKPRVIPISI
MemAMP103,IIFHTKKKLSVCANPKQTWVKYIVRLLSKKVK
MemAMP104,VAAKVLPDGIDIKKAYTLDFVDKGVGLDLKK
MemAMP105,AKLKPKGTLKQGFREFKTNMTKYTVLQVKIR
MemAMP106,SWLSKTYKKLENSAKKRIAEGIAIALRGGPR
MemAMP107,SWLSKTWKKLENSGKKRIAEGIAIALKGGLR
MemAMP108,QEFFQFFKQAGKKRAKKFFKKPRVIGVSIPF
MemAMP109,WRKHSKRRVRGGGLKTQIEKLWTEVNALKEI
MemAMP110,KITDVFVKRKGAKFLRFAPVSSHQKVTFFIH
MemAMP111,SMNTTVVAIVVVAVVVVVAVIAAIVKKRKG
MemAMP112,ALRSYHRAAVREKVLAALLEKAKPTAGFNA
MemAMP113,WVRKLRAELRAEQRAGRQMPLPLFDRLTRD
MemAMP114,WVILSKKIKRKKKENSDHQTKFSKKVKTKR
MemAMP115,RPRENRGRERGLGGGGLRKRLRKFFNKIKF
MemAMP116,SRPNGYGGSESSGGGGLRKRLRKFFNKIKF
MemAMP117,RKLPDAPGMHTWGGGGLRKRLRKFFNKIKF
MemAMP118,SQQFKHNFLLLFMKLRWFLKRWRQGKVLPS
MemAMP119,KNLLRRIRRKLRNKFSRSDVIKTPKIVEVN
MemAMP120,IFFRRNKKMAVKVAINGFGRIGRLAFRQMF
MemAMP121,GVGIYLGLVGSGLVTAFVLTKLLKGIKLI
MemAMP122,LNTFVRFIKINPAIHKALKSKNWAEFAKR
MemAMP123,ALLDKLKSLGKVVGKVALGVVQNYLNPRQ
MemAMP124,RAPGWKSLAWLVRELRKHDSGLRLRLVRH
MemAMP125,ASSLLLVGWKKWSKRWRHWIPQCKKFGRR
MemAMP126,KKLFKKILKYLAGPAGIGKFLHSAKKDEL
MemAMP127,SPRYHTVGRAAGLLMGLRRSPYLWRRALR
MemAMP128,SVIWRKLFFIFIKRSGNWIKKVEKRQNLL
MemAMP129,RVKRFWPLVPVAINTVAAGINLYKAIRRK
MemAMP130,KLKTVVAIGLVVFIVVALIFLKIRAKKK
MemAMP131,AFIVAVSATIVGALGPARAASRRSSCSG
MemAMP132,SKSAVKAAVKAATKAAAKSAVKAAAKAA
MemAMP133,SIKLIKTVKVVEKIIVEFLKKIKKFSVI
MemAMP134,TAVLIIRWKIQNVAMPTGRQKVSKPMAL
MemAMP135,ALWMTLLKKVLKAAAKAALNAVLVGANA
MemAMP136,AWLDKLKSIGKVVGKVAIGVAKNLLNPQ
MemAMP137,AGRFIKNFTKYTGNEAGKALVAAGPKL
MemAMP138,VIKKATMIDFSLKEIMLMLIKKILTSR
MemAMP139,LGKGGVVHIHKGDAFRGQLFLGGILPL
MemAMP140,GRFKRFRKKFKKLFKKLSPVIPLLHLG
MemAMP141,KLKSKLMVVANKIGLLKSLARKFVKSH
MemAMP142,HKASDAAAKAALKAAKAAAKAAASMAK
MemAMP143,ANDEKAVLTKASEIIISVGDKAGEYLG
MemAMP144,KILRGVCKKIMRTFLRRISKDILTGKK
MemAMP145,GIGGKILSGLKTALKGAAKELASTYLH
MemAMP146,IFAALASAFVKGASVAVAVYLATKRK
MemAMP147,LGKIVIVAVIVVVVVAVAVIIKKKKG
MemAMP148,KWKSFLKTFKSAKKTVLHTLLKAISS
MemAMP149,KLFFAEKKRAKKFFKKPRVIGVSIPF
MemAMP150,KKFKKTAKWLIKSAWLLLKSLALKMK
MemAMP151,GLLSKFKGVLKTAGKNVAKNVAGSLL
MemAMP152,RTKLWEMLVELGNMDKAVKLWRKLKR
MemAMP153,WRVCKQSEKVILNPFWKKKKKKKFRV
MemAMP154,KLKLKLKLKLKLKLKLKLKLKLKLKL
MemAMP155,RVKRVWPLVIRTVIAGYNLYRAIKKK
MemAMP156,GLFGKLIKKFGRKAISYAVKKARGKH
MemAMP157,KSSAYSLQMGATAIKQVKKLFKKWGW
MemAMP158,GIGAVLKVLTTGLPALISWIKRKRQQ
MemAMP159,WVIVLICAAALAVVLVVLSRKKRNS
MemAMP160,MCILRNIPIALLRKIGKRLAMPMRG
MemAMP161,AKGSIPKYSKSRWVPRVGQVFAVAA
MemAMP162,LLVECAAYTVGSCHIKQLLVGIKAS
MemAMP163,TCHFTKGLKGNRGAVATKKRGVLAD
MemAMP164,FIHHIIGGLFSAGKAIHRLIRRRRR
MemAMP165,FLKKLLKALFSAPKALKRLLRRRRR
MemAMP166,FFPFFKKRAKKFFKKPRVIGVSIPF
MemAMP167,AHPKWMEVVRSRQRKKKHNKRRATY
MemAMP168,GLLSVLGSVAKHVLPHVVPVIAEHL
MemAMP169,FFGSLLSLGSKLLPSVFKLFQRKKE
MemAMP170,SMWSGMWRRKLKKLRNALKKKLKGE
MemAMP171,HVDKKVADKVLLLKQLRIMRLLTRL
MemAMP172,GAWKNFWSSLRKGFYDGEAGRAIRR
MemAMP173,CVLLFSQLPAVKARGTKHRIKWNRK
MemAMP174,CHLEFRQLPAVKARLLKLRIKWNRK
MemAMP175,CELRFHQLPAVKERLLKLRIKWNRK
MemAMP176,CRLLFRQLPAVKERLLKLRIKWNRK
MemAMP177,IWLLFAQLIAVKARLTKIRIKWNRK
MemAMP178,IWLLASQLIAVKARLLKHRIKWNRK
MemAMP179,IWLLFSQLAAVKARALKIRIKWNRK
MemAMP180,IWLLFAQLWAVKARITKLRIKWNRK
MemAMP181,KIYKKLSTPPFTLNIRTLPKVKFPK
MemAMP182,KINKKLSIPPFKLKIRFLGKVKFPK
MemAMP183,KINKILSLPPFKLKIRGLPKVKFPK
MemAMP184,KIGKKLSIPPFKLKIRNLFKVKFPK
MemAMP185,KIGKKLSLPPFKLKIRQLMKVKFPK
MemAMP186,KINKKLSIPPFKLKIRGLPQVKFPK
MemAMP187,WIAKKLSLRWFRLNIRTLPKVKFPK
MemAMP188,FIYAKLSLRWFRLNIRTLPKVKFPK
MemAMP189,KIGKKLSRWLFRLNIRGLPKVKFPK
MemAMP190,IPILALFLFAQKRFIQGFSGGLKG
MemAMP191,TSKIIIAAVVIVIIAAVAVIIKKK
MemAMP192,ALNLVLAALAALLVVVGVVSRLAK
MemAMP193,GKVIVVAVIVVVVAAIAAVIKKKQ
MemAMP194,DSHAKRHHGYKRKFHEKHHSHRGY
MemAMP195,HCTKKSLWGKVRLKNVIPGTLSRK
MemAMP196,IGKEFKRIVERIKRFLRELVRPLR
MemAMP197,LKRVWKRVFKLLKRYWRQLKKPVR
MemAMP198,IWSFLIKAATKLLPSLFGGGKKDS
MemAMP199,LLKELWTKMKGAGKAVLGKIKGLL
MemAMP200,RRRLQRPLRRIHRLLRKFRIRVRV
MemAMP201,GSKPWWWSYFTSLSTHRPRWLLKY
MemAMP202,GLNALKKVFQGIHEAIKLINNHVQ
MemAMP203,GRGREFMSNLKEKLSGVKEKMKNS
MemAMP204,MAFKFLGKNLGKHLVKQQLSKLG
MemAMP205,FWASLGHAAGHFAKGFLGDRKMD
MemAMP206,GWLIRGAIHAGKAIHGLIHRRRH
MemAMP207,GIKKWLHSPKKFPKKFVKKIMNS
MemAMP208,ALWKKILKNAGKAVLNEINQIVQ
MemAMP209,GIGKFLHSFKKFGKAFVGEIMNS
MemAMP210,RIIRLLWRVRRPQKPGWKRKRFG
MemAMP211,RIIDLLWRVRRPQKPKFVTVWVR
MemAMP212,FIHHIIGGLFSVGKHIHGLIHGH
MemAMP213,RGTCYNRVGLIIRNFSKLKGKKV
MemAMP214,GLKEIFKAGLGSLVKGIAAHVAS
MemAMP215,LSKIKVKIKVKIKIPRDFQKNF
MemAMP216,GCVFLLPAKPHNYKKVFLSKGV
MemAMP217,VLDLVTKTLKNVPKTVKGLLPL
MemAMP218,KKCIAKAILKKAKKLLKKLVNP
MemAMP219,RKYKEKKDKSQNKKKKRKCMIL
MemAMP220,EKKPWARRFKFKLLKGLAKKMK
MemAMP221,GFFALIPKIISSPLFKTLLSAV
MemAMP222,FIHHIFRGIVHVGRSIGRFLTG
MemAMP223,KFRNWFSQHFKKFKQKLKNTFA
MemAMP224,FFHHIFRGIVHVGKTIHRLVTG
MemAMP225,WFFGKLLRGIVSVGKKIKGLIT
MemAMP226,GIGKFLKKAKKFGKAFVKILKK
MemAMP227,SLWENFKNAGKKFILNILDKIR
MemAMP228,GLWNSIKIAGKKLFVNVLDKIR
MemAMP229,MAKRRKKAKKKAKKAKKRRRRR
MemAMP230,GFMKTAKNVAKNVAATLLKLLK
MemAMP231,GAAILIFTVVYVALSLIVRKI
MemAMP232,ALPIIIFVLAVVVAALNFLTK
MemAMP233,AMMNRAKLGTMGAPLMRAKTV
MemAMP234,SRSSRAGLQFPVGRIHRLLRK
MemAMP235,RAGLQFPVGKLLKKLLKKLLK
MemAMP236,RSARAGVIFPVGRMMRYLRTG
MemAMP237,VLGLALIVGGALLIKKKQAKS
MemAMP238,KKWRWHLKPWKKKWRWHLKPW
MemAMP239,KRVNWAKVGRTALKLLPYIFG
MemAMP240,GIFSKLAGKKIKNLLISGLKG
MemAMP241,GLFGVLAKVAAHVVPAIAEHF
MemAMP242,GMASKAGAIAGKIAKVALKAL
MemAMP243,GKLWLKAGKLWLKGGKLWLKG
MemAMP244,KKKKKKKKKGGGLLALLALLA
MemAMP245,KLLKKAGKLLKKAGKLLKKAG
MemAMP246,KKKLAKLKLGAKLKLKGKLGA
MemAMP247,GFLKIVKGVGKVALKAVSKLF
MemAMP248,LKQLNRFKYKIIKIKRIIKL
MemAMP249,YKKIQNFIIIKRKKKLRLIL
MemAMP250,GKYGFYTHVFRLKKWIQKVI
MemAMP251,KKMMKKGGKFGTFMAIGGIR
MemAMP252,IFKRIKAMWRGAKQAWKDYK
MemAMP253,TYFVTPKVKSFELYEKGRMT
MemAMP254,SYSTRPYFLRWRLKFKSKVW
MemAMP255,FKGLAKLLKIGLKALAKVIQ
MemAMP256,NKGLAKLLKIGLKALESVIQ
MemAMP257,SYEKKINRHFKILKKNLKKK
MemAMP258,KTRKESYAIYVYKVLKQVHP
MemAMP259,KSWKKHVVSGFFLRLWVHKK
MemAMP260,WKRFHPFRVVRKIFRRRIKR
MemAMP261,NFFKRIRRAGKRIRKAIISA
MemAMP262,NFFKRIRRAWKRIWKWIYSA
MemAMP263,QVRNFPRGSAASPSALASPR
MemAMP264,YCVQKHKKKLKKKKKLTFNM
MemAMP265,KFFKKLKKAVKKGFKKFAKV
MemAMP266,HLRRINKLLTRIGLYRHAFG
MemAMP267,NRFTARFRRTPWRLCLQFRQ
MemAMP268,KFVRLKIYCRDKNKGRGISF
MemAMP269,SYWVRASGGGFFFLSRIFKK
MemAMP270,GWTSRWIESKHKSDFGKFVL
MemAMP271,LKRAKKIINKKFGYNEKSV
MemAMP272,FIHHIFGAIKRIFGDKQRD
MemAMP273,FLWKLIPKAIKKVKSLIKK
MemAMP274,GFKDLLKGAAKALVKTVLF
MemAMP275,GFLDKLKGAAKALVKTVLF
MemAMP276,DFKGLLKGAAKALVKTVLF
MemAMP277,GYKDLLKGAAKALVKTVLY
MemAMP278,KGIRGYKGGYKGAFKQTKY
MemAMP279,ALWKSILKNVGKAAGKAVL
MemAMP280,GFLFKLIPKAIKKLISKFK
MemAMP281,AGLGKIGALIQKVIAKYKA
MemAMP282,TGLGKIGYLMKKLLSKAKV
MemAMP283,AGDKKIKIGINGFGRIGRL
MemAMP284,FLFKLIPKVIKGLVKAIRK
MemAMP285,FLEHLIPHVIHGLVHAIHH
MemAMP286,RRWQWRPKRIVKLIKKWLR
MemAMP287,LPRRNRWSKIWKKVVTVFS
MemAMP288,LKKWLKKWTLKASQFFGLM
MemAMP289,KKKKKKFLPFLASLALKIL
MemAMP290,KKKKKKFLPKLLSALAKIL
MemAMP291,FLSLIPHAISAVSALAKHL
MemAMP292,FLSLIPKAIKAVSALAKKL
MemAMP293,KFHAFKFLGKNLGKHLVK
MemAMP294,RGLRRLARKIAHAVKKYG
MemAMP295,FKWKSVLKGVKGFVKGYF
MemAMP296,GLTRLRRILFRLLLWRTK
MemAMP297,VARGWGRKCPLFGKNKSR
MemAMP298,GRLKRLRKKLKKLLKKLS
MemAMP299,AGMKNIIDAIKKKLGGKL
MemAMP300,VEIKNGLLKLNGKPLLIR
MemAMP301,KVLVKYLGGLLKLAALMV
MemAMP302,RRGIKKFIKKVKKVKKAI
MemAMP303,KRRKFTQNLIKRALKKIA
MemAMP304,IFGAILPLALGALKNLIK
MemAMP305,IAKAILPLALGALKNLIK
MemAMP306,IAKAILPLALKALKKLIK
MemAMP307,LRRLLRLPRRPLRLLRRL
MemAMP308,FRRFFRFPRRPFRFFRRF
MemAMP309,WVKKVARKVVKIGRKVAR
MemAMP310,WRTWRTWRTWRTWRTWRT
MemAMP311,RALRKALKAWRKLAKKLQ
MemAMP312,GVFRLKKWIKKVIKKWGK
MemAMP313,GGLRSLGRKILRAWKKYG
MemAMP314,FLPKLFAKITKKNMAHIR
MemAMP315,KRKRGLKLATALSLNNKF
MemAMP316,KIKIGLKLAKALSLNNKL
MemAMP317,KMKIGLKLATALSLKNKL
MemAMP318,KIKIGLKLATKLSLNNKL
MemAMP319,KVKRILKLATALKLNNKL
MemAMP320,KIKRLLKLATKLSLNNKL
MemAMP321,IRKRILWLARALSLNNKF
MemAMP322,IRKIGLKLAWALSLKNKF
MemAMP323,KRKIGLKLAWALSLKLKF
MemAMP324,KIIRGLKLAWALSLKNKF
MemAMP325,RQKNLPIKFRVLAKALRP
MemAMP326,RQKNLKIPFRVLAKALRP
MemAMP327,RQKNPLIKFRVLAKALRP
MemAMP328,LRIKNHWIHFRVLAKALW
MemAMP329,RGLFKKLLRLIKKGFKK
MemAMP330,RGLFKKLARAIKKGFKK
MemAMP331,LGLFKKLLRLIKKGFKL
MemAMP332,AGLFKKLARAIKKGFKA
MemAMP333,GFLARKALRALKGLVKL
MemAMP334,KRCRFRIYRWGFPRRRF
MemAMP335,FRYKVVDLAVNFGKKII
MemAMP336,WKRLKKLISWIKRKRQQ
MemAMP337,GFLSALKKYLPIVLKHV
MemAMP338,FLPLIIGALSSLLPKIF
MemAMP339,FLPKIIGKLSSLLPKIF
MemAMP340,GLFDIIKKIIKKIAESF
MemAMP341,SSIEKQVALLKALYGHG
MemAMP342,HWIRINAIKLRISLKIW
MemAMP343,HWIRINTIKLRIALKIW
MemAMP344,HWIAINGIKLRISLKIW
MemAMP345,RQKNHGIHFRVLAKALR
MemAMP346,RQKNLPIPFRVLAKALK
MemAMP347,WLKNHAIHFRVLAKALW
MemAMP348,LAKNHWIHFRVLAKALW
MemAMP349,RLKNHWIAFRVLAKALW
MemAMP350,RLKNWAIHFRVLAKALW
MemAMP351,GLFDVIKKVASVIGGL
MemAMP352,RQIKIWFQIRRWKWKK
MemAMP353,RQIRIWFQWKRWKWKR
MemAMP354,RRRRRRRRWWWWVVVV
MemAMP355,FLPIIKWVKKFFWRWR
MemAMP356,RIKTATWRLALRWLKL
MemAMP357,WKKLLKWWLKKFKKLD
MemAMP358,AKATKAAKALLKLWLL
MemAMP359,CSSGSLWRLIRRFLRR
MemAMP360,LWKIGKKIWRVGWNWR
MemAMP361,VARGWKRKCPLFGKGG
MemAMP362,RRVWRWVRRVWRWVRR
MemAMP363,GWFSLVRKVVGGVGSL
MemAMP364,KWYKKWYKKWYKKWYK
MemAMP365,RGDILKRWAGHFSKLL
MemAMP366,RWRRFWGKAKRGIKKH
MemAMP367,FPLIARLAAKFLPKIL
MemAMP368,ASVVKKLWKGVWKLLK
MemAMP369,ASVVKKLTKGVAKLLK
MemAMP370,GLFDIIKKLAKLAESF
MemAMP371,LARVARRVIRFIRRAW
MemAMP372,RRRLARRLIFFIRRAW
MemAMP373,KRIVQRWKDFLRKAEK
MemAMP374,GHLLIKLIGKATLKLK
MemAMP375,GHLSLIHLIGKLTLKL
MemAMP376,HWITINTIKLSISLKI
MemAMP377,KMIGINKIKLSISLKI
MemAMP378,HKIKINTIKLKIKLKI
MemAMP379,EKITINGIKLSIKLKI
MemAMP380,HWIAINAIKLRISLKW
MemAMP381,INKFLAALKKLWKRV
MemAMP382,KLLKKVVKLFKKLLK
MemAMP383,KIIKKIIKIIKKIIK
MemAMP384,IKKIIKIIKKIIKKI
MemAMP385,RNCTWLFSTKLKLPA
MemAMP386,RRTYRAHGRINPYMS
MemAMP387,GIIKKIIKKIIKKII
MemAMP388,IKHWKKVWKHAKKVL
MemAMP389,VNWKKILGKIIKVVK
MemAMP390,VKRWKKWKRKWKKWV
MemAMP391,GAQLQKKIKELQARI
MemAMP392,VVVNVLVKVLPPPVV
MemAMP393,YRAGLLRIARIRRRL
MemAMP394,RFGRFLRKILRFLKK
MemAMP395,FKFLDNMAKVAPTEC
MemAMP396,RRWRRWNRFNRRRCR
MemAMP397,LSKISGGIGPLVIPV
MemAMP398,FLALALIQEAIAKLK
MemAMP399,FLALALGKEAIAKLK
MemAMP400,FLALALIGKAIAKLK
MemAMP401,FLAGKLIQEAIAKLK
MemAMP402,WWWRRRGSGRRRWWW
MemAMP403,GFLLHGIQASANVRI
MemAMP404,GHLLIHLIGKATLAL
MemAMP405,GHKLIHLIGKAKLKL
MemAMP406,GHLSIHLIGKAKLKL
MemAMP407,GHLKIHLIGKAKLNL
MemAMP408,GHLKIHLIGKASLKL
MemAMP409,GHLLISLIGKLTLKL
MemAMP410,EIKINTIKLSIKLKI
MemAMP411,HKITINIKLKIKLKI
MemAMP412,GFLKKLWRKVKSVL
MemAMP413,LFKKLLKGLAKTVW
MemAMP414,WLRRIKAWLRRIKA
MemAMP415,KKIIKKIIKKIWKW
MemAMP416,FLKPLFNAALKLLP
MemAMP417,GLFWIIKKTIGKLR
MemAMP418,ILFWIKKLTIGKKR
MemAMP419,WKLLRKAWKLLRKA
MemAMP420,LIGLYLLHRRRRRH
MemAMP421,GWWKKWWKKWWKKW
MemAMP422,GFFKKFFKKFFKKF
MemAMP423,GIIRRIIRRIIRRI
MemAMP424,KSSTRGRKSSRRKK
MemAMP425,KRLFKKLLFSLRKY
MemAMP426,KILGKLWKGVKSIF
MemAMP427,GLLGKILGAGKKVL
MemAMP428,RRVWRWVRRWWRRV
MemAMP429,KPKRGVNFRCRKGK
MemAMP430,RKLFRALIQACDRK
MemAMP431,GWKKFFKKWKHVWK
MemAMP432,INLKAIAALAKKLF
MemAMP433,LKLMGIVKKVLGAL
MemAMP434,LKLLGIVKKVLGAI
MemAMP435,AHSIIYGVRGRGRI
MemAMP436,YGVRGRGRIRIVRA
MemAMP437,YGVRGRGRIWIVWA
MemAMP438,RIRIRRRRFRIRIR
MemAMP439,KWKWKRRRFKWKWK
MemAMP440,KIGQKIKNFFRKLL
MemAMP441,INWKGIAAMAKKLL
MemAMP442,KKIWKKWIKKIIKI
MemAMP443,WIKKIWKKIIKKIK
MemAMP444,INLKALAALAKKIL
MemAMP445,KILKRLAAKIKKIL
MemAMP446,INLKKLAARIKKKI
MemAMP447,VKKLLKLIRKLWK
MemAMP448,RIWWSGGWRRWRW
MemAMP449,GLFDIIKKIAESF
MemAMP450,FLPKLGKALKKLF
MemAMP451,FLPKVGKALKRLF
MemAMP452,FLPKIGKAIKRLF
MemAMP453,FLPHLGKALKHLF
MemAMP454,FLPKLGKAIKRLL
MemAMP455,WKKILSKIKKLLK
MemAMP456,IKKILSKIKKLWK
MemAMP457,FLGALWNVAKSVF
MemAMP458,FLPLIGRVLSGIL
MemAMP459,FLGAIGNVLKSIL
MemAMP460,FLPLLWRVASGVF
MemAMP461,KKRRCFFRHIYVA
MemAMP462,FIRRIIGALGRLF
MemAMP463,FIKKIIGALGKLF
MemAMP464,FIKHIIGALGHLF
MemAMP465,FLQRIRGALGRLF
MemAMP466,FLQRIIRALGRLF
MemAMP467,FLQRIIGRLGRLF
MemAMP468,FLQRIIGAWGRLF
MemAMP469,GFGMALKLLKKVL
MemAMP470,LLRHVVKILEKYL
MemAMP471,KIAKRIWKILRRR
MemAMP472,YYRRLLRVLRRRW
MemAMP473,FVQWFSKFLGRIL
MemAMP474,VKGDGGPGTVYTM
MemAMP475,IIPLPLKKFLKKL
MemAMP476,IILLLLKKFLKKL
MemAMP477,RQGWIWYGFFWKK
MemAMP478,RIGWCAWLLKNKA
MemAMP479,WFIIWHWRKIPPK
MemAMP480,FLPLILRKIVTAL
MemAMP481,FLPRILRKIVRAL
MemAMP482,RLPRILRKIVRRL
MemAMP483,FLPKVAKLLKELL
MemAMP484,FLPIVAKLLSGLL
MemAMP485,LLKKWLKSAKKLG
MemAMP486,FLKKLWKAMKKLL
MemAMP487,FPLTWLKWWKWKK
MemAMP488,FLPIIGKLLSGLL
MemAMP489,FLPWISKFLGKIL
MemAMP490,VRRFPWWWPFLRR
MemAMP491,LLPIVGNLLKSLL
MemAMP492,VRLIVKVRIWRR
MemAMP493,FLPVLAGVLSRA
MemAMP494,VQWRIRVAVIRK
MemAMP495,KSSSRSRKSSRR
MemAMP496,KLLLRLRKLLRR
MemAMP497,RWLRRWLRWWRR
MemAMP498,KWLKKWLKWWKK
MemAMP499,ILRWPWWPWRRK
MemAMP500,IRLRWRWKWPWP
MemAMP501,FLVKKIKKILRR
MemAMP502,ALQGAKERAHQQ
MemAMP503,AKKRAKKRAHQQ
MemAMP504,MFLVVKVLKYVV
MemAMP505,RWIRWVWRKKLR
MemAMP506,KGGDLGLFEPTL
MemAMP507,YLGYLEQLLRLK
MemAMP508,FWRWRPGFKFFR
MemAMP509,YLRLIRYMAKMI
MemAMP510,KKLLGKNWKLM
MemAMP511,AVFPSIVGRPR
MemAMP512,FHLVWRAGGTF
MemAMP513,RIRLLQRFNKR
MemAMP514,VWRRWRRFWRR
MemAMP515,WSKKWKKKWKW
MemAMP516,WSRRWRRRWRW
MemAMP517,RLLRWWWRLLR
MemAMP518,LAMVIPLWAGA
